track_id,lesson_id,level_id,topic_id,track,topic,subtopic,level,content_type,video_1,video_2,video_3,article_url,duration_minutes,description_en,project_idea
TRK-001,L0001,LVL-001,FE-T01,frontend,HTML,What is HTML and How the Browser Works,beginner,explanation,▶ Video 1,▶ Video 2,▶ Video 3,https://developer.mozilla.org/en-US/docs/Learn/HTML/Introduction_to_HTML,60,Introduction to HTML from scratch,
TRK-001,L0002,LVL-001,FE-T01,frontend,HTML,"Page Structure: DOCTYPE, html, head, body",beginner,explanation,▶ Video 1,▶ Video 2,▶ Video 3,,35,Explaining HTML page structure,
TRK-001,L0003,LVL-001,FE-T01,frontend,HTML,Tags and Attributes and How They're Written,beginner,explanation,▶ Video 1,▶ Video 2,▶ Video 3,,35,Explaining tags and attributes,
TRK-001,L0004,LVL-001,FE-T01,frontend,HTML,"Text Elements: h1-h6, p, strong, em",beginner,explanation,▶ Video 1,▶ Video 2,▶ Video 3,,30,Explaining text elements,
TRK-001,L0005,LVL-001,FE-T01,frontend,HTML,Links: anchor tag and href,beginner,explanation,▶ Video 1,▶ Video 2,▶ Video 3,https://developer.mozilla.org/en-US/docs/Web/HTML/Element/a,25,Explaining anchor links,
TRK-001,L0006,LVL-001,FE-T01,frontend,HTML,"Images: img tag, alt, and src",beginner,explanation,▶ Video 1,▶ Video 2,▶ Video 3,,25,Explaining image elements,
TRK-001,L0007,LVL-001,FE-T01,frontend,HTML,"Lists: ul, ol, li",beginner,explanation,▶ Video 1,▶ Video 2,▶ Video 3,,20,Explaining lists,
TRK-001,L0008,LVL-001,FE-T01,frontend,HTML,"Tables: table, tr, td, th",beginner,explanation,▶ Video 1,▶ Video 2,▶ Video 3,,30,Explaining tables,
TRK-001,L0009,LVL-001,FE-T01,frontend,HTML,"Forms: form, input, button, select, textarea",beginner,explanation,▶ Video 1,▶ Video 2,▶ Video 3,https://developer.mozilla.org/en-US/docs/Learn/Forms,45,Explaining Forms,
TRK-001,L0010,LVL-001,FE-T01,frontend,HTML,"Input Types: text, email, password, number, date",beginner,explanation,▶ Video 1,▶ Video 2,▶ Video 3,,30,Explaining input types,
TRK-001,L0011,LVL-001,FE-T01,frontend,HTML,Semantic HTML5: header nav main section article footer,beginner,explanation,▶ Video 1,▶ Video 2,▶ Video 3,https://web.dev/learn/html/semantic-html,40,Explaining semantic HTML5,
TRK-001,L0012,LVL-001,FE-T01,frontend,HTML,div and span and When to Use Them,beginner,explanation,▶ Video 1,▶ Video 2,▶ Video 3,,25,Explaining div and span elements,
TRK-001,L0013,LVL-001,FE-T01,frontend,HTML,Article: Complete HTML Reference - MDN,beginner,article,,▶ Video 2,▶ Video 3,https://developer.mozilla.org/en-US/docs/Web/HTML/Element,0,Reference for all HTML elements,
TRK-001,L0014,LVL-001,FE-T02,frontend,CSS,What is CSS and How It Connects to HTML,beginner,explanation,▶ Video 1,▶ Video 2,▶ Video 3,https://developer.mozilla.org/en-US/docs/Learn/CSS/First_steps,40,Introduction to CSS,
TRK-001,L0015,LVL-001,FE-T02,frontend,CSS,"Selectors: element, class, id",beginner,explanation,▶ Video 1,▶ Video 2,▶ Video 3,https://web.dev/learn/css/selectors,35,Explaining CSS selectors,
TRK-001,L0016,LVL-001,FE-T02,frontend,CSS,"Advanced Selectors: combinators, pseudo-classes",beginner,explanation,▶ Video 1,▶ Video 2,▶ Video 3,,35,Explaining advanced selectors,
TRK-001,L0017,LVL-001,FE-T02,frontend,CSS,"Colors: color, background-color, opacity",beginner,explanation,▶ Video 1,▶ Video 2,▶ Video 3,,30,Explaining colors and backgrounds,
TRK-001,L0018,LVL-001,FE-T02,frontend,CSS,"Typography: font-family, size, weight, line-height",beginner,explanation,▶ Video 1,▶ Video 2,▶ Video 3,,40,Explaining typography and fonts,
TRK-001,L0019,LVL-001,FE-T02,frontend,CSS,"Box Model: margin, padding, border, width, height",beginner,explanation,▶ Video 1,▶ Video 2,▶ Video 3,https://web.dev/learn/css/box-model,30,Explaining the box model,
TRK-001,L0020,LVL-001,FE-T02,frontend,CSS,"Display: block, inline, inline-block, none",beginner,explanation,▶ Video 1,▶ Video 2,▶ Video 3,,35,Explaining the display property,
TRK-001,L0021,LVL-001,FE-T02,frontend,CSS,"Position: static, relative, absolute, fixed, sticky",beginner,explanation,▶ Video 1,▶ Video 2,▶ Video 3,https://web.dev/learn/css/layout,45,Explaining positioning,
TRK-001,L0022,LVL-001,FE-T02,frontend,CSS,Complete Flexbox: container and items,beginner,explanation,▶ Video 1,▶ Video 2,▶ Video 3,https://css-tricks.com/snippets/css/a-guide-to-flexbox,55,Explaining Flexbox layout,
TRK-001,L0023,LVL-001,FE-T02,frontend,CSS,"Complete CSS Grid: rows, columns, areas",beginner,explanation,▶ Video 1,▶ Video 2,▶ Video 3,https://css-tricks.com/snippets/css/complete-guide-grid,50,Explaining CSS Grid layout,
TRK-001,L0024,LVL-001,FE-T02,frontend,CSS,Responsive Design: Media Queries,beginner,explanation,▶ Video 1,▶ Video 2,▶ Video 3,https://web.dev/learn/design/media-queries,45,Explaining responsive design,
TRK-001,L0025,LVL-001,FE-T02,frontend,CSS,Mobile First Approach,beginner,explanation,▶ Video 1,▶ Video 2,▶ Video 3,,30,Explaining mobile first approach,
TRK-001,L0026,LVL-001,FE-T02,frontend,CSS,Basic Transitions and Animations,beginner,explanation,▶ Video 1,▶ Video 2,▶ Video 3,https://web.dev/learn/css/animations,40,Explaining animations and transitions,
TRK-001,L0027,LVL-001,FE-T02,frontend,CSS,"Pseudo-classes: hover, focus, active",beginner,explanation,▶ Video 1,▶ Video 2,▶ Video 3,,30,Explaining pseudo-classes,
TRK-001,L0028,LVL-001,FE-T02,frontend,CSS,"Pseudo-elements: before, after",beginner,explanation,▶ Video 1,▶ Video 2,▶ Video 3,,25,Explaining pseudo-elements,
TRK-001,L0029,LVL-001,FE-T02,frontend,CSS,Project: Full Portfolio Page with HTML & CSS,beginner,project,▶ Video 1,▶ Video 2,▶ Video 3,,90,Portfolio page project,
TRK-001,L0030,LVL-001,FE-T02,frontend,CSS,Article: CSS Tricks Almanac,beginner,article,,▶ Video 2,▶ Video 3,https://css-tricks.com/almanac,0,Reference for all CSS properties,
TRK-001,L0031,LVL-001,FE-T03,frontend,JavaScript,What is JavaScript and Why We Use It,beginner,explanation,▶ Video 1,▶ Video 2,▶ Video 3,https://javascript.info/intro,40,Introduction to JavaScript,
TRK-001,L0032,LVL-001,FE-T03,frontend,JavaScript,How to Add JS to a Page: script tag,beginner,explanation,▶ Video 1,▶ Video 2,▶ Video 3,,25,Explaining how to add JS to a page,
TRK-001,L0033,LVL-001,FE-T03,frontend,JavaScript,"Variables: var, let, const and the Difference Between Them",beginner,explanation,▶ Video 1,▶ Video 2,▶ Video 3,https://javascript.info/variables,40,Explaining variables,
TRK-001,L0034,LVL-001,FE-T03,frontend,JavaScript,"Data Types: string, number, boolean, null, undefined",beginner,explanation,▶ Video 1,▶ Video 2,▶ Video 3,https://javascript.info/types,40,Explaining categorical vs numerical data,
TRK-001,L0035,LVL-001,FE-T03,frontend,JavaScript,Type Conversion and Coercion,beginner,explanation,▶ Video 1,▶ Video 2,▶ Video 3,,30,Explaining type conversion and coercion,
TRK-001,L0036,LVL-001,FE-T03,frontend,JavaScript,"Operators: arithmetic, comparison, logical",beginner,explanation,▶ Video 1,▶ Video 2,▶ Video 3,https://javascript.info/operators,40,Explaining operators and expressions,
TRK-001,L0037,LVL-001,FE-T03,frontend,JavaScript,"Conditions: if, else, switch, ternary operator",beginner,explanation,▶ Video 1,▶ Video 2,▶ Video 3,https://javascript.info/ifelse,35,Explaining conditionals,
TRK-001,L0038,LVL-001,FE-T03,frontend,JavaScript,"Loops: for, while, do-while",beginner,explanation,▶ Video 1,▶ Video 2,▶ Video 3,https://javascript.info/while-for,40,Explaining loops,
TRK-001,L0039,LVL-001,FE-T03,frontend,JavaScript,"Functions: declaration, expression",beginner,explanation,▶ Video 1,▶ Video 2,▶ Video 3,https://javascript.info/function-basics,50,Explaining functions,
TRK-001,L0040,LVL-001,FE-T03,frontend,JavaScript,Arrow Functions,beginner,explanation,▶ Video 1,▶ Video 2,▶ Video 3,https://javascript.info/arrow-functions-basics,30,Explaining arrow functions,
TRK-001,L0041,LVL-001,FE-T03,frontend,JavaScript,"Scope: local, global, block",beginner,explanation,▶ Video 1,▶ Video 2,▶ Video 3,https://javascript.info/closure,35,Explaining scope,
TRK-001,L0042,LVL-001,FE-T03,frontend,JavaScript,Arrays: Creation and Basic Operations,beginner,explanation,▶ Video 1,▶ Video 2,▶ Video 3,https://javascript.info/array,45,Explaining arrays,
TRK-001,L0043,LVL-001,FE-T03,frontend,JavaScript,"Array Methods: push, pop, shift, unshift, splice",beginner,explanation,▶ Video 1,▶ Video 2,▶ Video 3,,35,Explaining array methods,
TRK-001,L0044,LVL-001,FE-T03,frontend,JavaScript,"Objects: Creation, Properties, and Methods",beginner,explanation,▶ Video 1,▶ Video 2,▶ Video 3,https://javascript.info/object,45,Explaining objects,
TRK-001,L0045,LVL-001,FE-T03,frontend,JavaScript,"Loops on Arrays and Objects: for-of, for-in",beginner,explanation,▶ Video 1,▶ Video 2,▶ Video 3,,30,Explaining for-of and for-in loops,
TRK-001,L0046,LVL-001,FE-T03,frontend,JavaScript,"String Methods: slice, split, join, replace",beginner,explanation,▶ Video 1,▶ Video 2,▶ Video 3,https://javascript.info/string,35,Explaining string methods,
TRK-001,L0047,LVL-001,FE-T03,frontend,JavaScript,Math Object and Date Object,beginner,explanation,▶ Video 1,▶ Video 2,▶ Video 3,,30,Explaining Math and Date objects,
TRK-001,L0048,LVL-001,FE-T03,frontend,JavaScript,"DOM: Selecting Elements: querySelector, getElementById",beginner,explanation,▶ Video 1,▶ Video 2,▶ Video 3,https://javascript.info/document,50,Explaining DOM selection,
TRK-001,L0049,LVL-001,FE-T03,frontend,JavaScript,DOM: Modifying Content and Styles,beginner,explanation,▶ Video 1,▶ Video 2,▶ Video 3,,40,Explaining DOM manipulation,
TRK-001,L0050,LVL-001,FE-T03,frontend,JavaScript,"DOM: Events: click, submit, keypress",beginner,explanation,▶ Video 1,▶ Video 2,▶ Video 3,https://javascript.info/introduction-browser-events,45,Explaining React event handling,
TRK-001,L0051,LVL-001,FE-T03,frontend,JavaScript,Project: Calculator App,beginner,project,▶ Video 1,▶ Video 2,▶ Video 3,,60,Calculator app project,
TRK-001,L0052,LVL-001,FE-T03,frontend,JavaScript,Article: Complete JavaScript.info,beginner,article,,▶ Video 2,▶ Video 3,https://javascript.info,0,Best free JavaScript reference,
TRK-001,L0053,LVL-001,FE-T04,frontend,Git,What is Version Control and the Problem Without It,beginner,explanation,▶ Video 1,▶ Video 2,▶ Video 3,https://git-scm.com/book/en/v2/Getting-Started-About-Version-Control,30,Introduction to Git,
TRK-001,L0054,LVL-001,FE-T04,frontend,Git,Installing Git and Setup: config name email,beginner,explanation,▶ Video 1,▶ Video 2,▶ Video 3,,20,Explaining Git installation and setup,
TRK-001,L0055,LVL-001,FE-T04,frontend,Git,"Basic Commands: init, status, add, commit",beginner,explanation,▶ Video 1,▶ Video 2,▶ Video 3,https://git-scm.com/book/en/v2,45,Explaining basic Git commands,
TRK-001,L0056,LVL-001,FE-T04,frontend,Git,log and diff: Viewing History,beginner,explanation,▶ Video 1,▶ Video 2,▶ Video 3,,25,Explaining git log and diff,
TRK-001,L0057,LVL-001,FE-T04,frontend,Git,Branching: Creating and Switching Branches,beginner,explanation,▶ Video 1,▶ Video 2,▶ Video 3,https://git-scm.com/book/en/v2/Git-Branching-Branches-in-a-Nutshell,35,Explaining branching,
TRK-001,L0058,LVL-001,FE-T04,frontend,Git,Merging: Combining Branches,beginner,explanation,▶ Video 1,▶ Video 2,▶ Video 3,,30,Explaining DataFrame merging,
TRK-001,L0059,LVL-001,FE-T04,frontend,Git,GitHub: Creating a Repo and Uploading Projects with push/pull,beginner,explanation,▶ Video 1,▶ Video 2,▶ Video 3,https://docs.github.com/en/get-started,45,Explaining GitHub basics,
TRK-001,L0060,LVL-001,FE-T04,frontend,Git,Article: Official Git Cheat Sheet from GitHub,beginner,article,,▶ Video 2,▶ Video 3,https://education.github.com/git-cheat-sheet-education.pdf,0,Git commands cheat sheet,
TRK-001,L0061,LVL-001,FE-T10,frontend,Tooling,Setting Up the Dev Environment: VS Code and Key Extensions,beginner,explanation,▶ Video 1,▶ Video 2,▶ Video 3,https://code.visualstudio.com/docs,30,Explaining VS Code setup,
TRK-001,L0062,LVL-001,FE-T10,frontend,Tooling,"Browser DevTools: Elements, Console, Network",beginner,explanation,▶ Video 1,▶ Video 2,▶ Video 3,https://developer.chrome.com/docs/devtools,40,Explaining browser DevTools,
TRK-001,L0063,LVL-001,FE-T10,frontend,Tooling,What is npm and How to Use It,beginner,explanation,▶ Video 1,▶ Video 2,▶ Video 3,https://docs.npmjs.com/about-npm,30,Explaining npm package manager,
TRK-001,L0064,LVL-001,FE-T10,frontend,Tooling,What is Vite and How to Start a Project with It,beginner,explanation,▶ Video 1,▶ Video 2,▶ Video 3,https://vitejs.dev/guide,25,Explaining Vite build tool,
TRK-001,L0065,LVL-001,FE-T10,frontend,Tooling,Prettier: Automatic Code Formatting,beginner,explanation,▶ Video 1,▶ Video 2,▶ Video 3,https://prettier.io/docs/en/index.html,20,Explaining Prettier formatter,
TRK-001,L0066,LVL-001,FE-T10,frontend,Tooling,ESLint: Error Detection,beginner,explanation,▶ Video 1,▶ Video 2,▶ Video 3,https://eslint.org/docs/user-guide/getting-started,25,Explaining ESLint linter,
TRK-001,L0067,LVL-001,FE-T10,frontend,Tooling,What is the Terminal and Key Commands,beginner,explanation,▶ Video 1,▶ Video 2,▶ Video 3,,30,Explaining terminal basics,
TRK-001,L0068,LVL-001,FE-T10,frontend,Tooling,Article: frontend Developer Roadmap,beginner,article,,▶ Video 2,▶ Video 3,https://roadmap.sh/frontend,0,frontend developer roadmap,
TRK-001,L0069,LVL-002,FE-T02,frontend,CSS,CSS Variables: Creating and Using Custom Properties,intermediate,explanation,▶ Video 1,▶ Video 2,▶ Video 3,https://developer.mozilla.org/en-US/docs/Web/CSS/Using_CSS_custom_properties,35,Explaining CSS custom properties,
TRK-001,L0070,LVL-002,FE-T02,frontend,CSS,CSS Animations: keyframes animation properties,intermediate,explanation,▶ Video 1,▶ Video 2,▶ Video 3,https://web.dev/learn/css/animations,40,Explaining CSS animations,
TRK-001,L0071,LVL-002,FE-T02,frontend,CSS,CSS Transitions: transition timing functions,intermediate,explanation,▶ Video 1,▶ Video 2,▶ Video 3,,30,Explaining CSS transitions,
TRK-001,L0072,LVL-002,FE-T02,frontend,CSS,Sass/SCSS: Variables Nesting Mixins Extends,intermediate,explanation,▶ Video 1,▶ Video 2,▶ Video 3,https://sass-lang.com/guide,50,Explaining Sass and SCSS,
TRK-001,L0073,LVL-002,FE-T02,frontend,CSS,BEM Methodology: Block Element Modifier,intermediate,explanation,▶ Video 1,▶ Video 2,▶ Video 3,https://getbem.com/introduction,30,Explaining BEM methodology,
TRK-001,L0074,LVL-002,FE-T02,frontend,CSS,CSS Architecture: How to Organize CSS Files,intermediate,explanation,▶ Video 1,▶ Video 2,▶ Video 3,,30,Explaining CSS architecture,
TRK-001,L0075,LVL-002,FE-T02,frontend,CSS,Tailwind CSS: Introduction and Basics,intermediate,explanation,▶ Video 1,▶ Video 2,▶ Video 3,https://tailwindcss.com/docs,50,Explaining Tailwind CSS basics,
TRK-001,L0076,LVL-002,FE-T02,frontend,CSS,Tailwind CSS: Responsive and Custom Config,intermediate,explanation,▶ Video 1,▶ Video 2,▶ Video 3,,40,Explaining Tailwind responsive and config,
TRK-001,L0077,LVL-002,FE-T02,frontend,CSS,Project: Professional Landing Page with Sass + BEM,intermediate,project,▶ Video 1,▶ Video 2,▶ Video 3,,90,Responsive landing page project,
TRK-001,L0078,LVL-002,FE-T02,frontend,CSS,Project: Dark/Light Mode Toggle with CSS Variables,intermediate,project,▶ Video 1,▶ Video 2,▶ Video 3,,50,Dark mode toggle project,
TRK-001,L0079,LVL-002,FE-T03,frontend,JavaScript,ES6+: Destructuring Assignment,intermediate,explanation,▶ Video 1,▶ Video 2,▶ Video 3,https://javascript.info/destructuring-assignment,35,Explaining destructuring assignment,
TRK-001,L0080,LVL-002,FE-T03,frontend,JavaScript,ES6+: Spread & Rest Operators,intermediate,explanation,▶ Video 1,▶ Video 2,▶ Video 3,https://javascript.info/rest-parameters-spread,30,Explaining spread and rest operators,
TRK-001,L0081,LVL-002,FE-T03,frontend,JavaScript,ES6+: Template Literals,intermediate,explanation,▶ Video 1,▶ Video 2,▶ Video 3,https://javascript.info/string#template-literals,20,Explaining template literals,
TRK-001,L0082,LVL-002,FE-T03,frontend,JavaScript,ES6+: Optional Chaining & Nullish Coalescing,intermediate,explanation,▶ Video 1,▶ Video 2,▶ Video 3,https://javascript.info/optional-chaining,25,Explaining optional chaining,
TRK-001,L0083,LVL-002,FE-T03,frontend,JavaScript,Array Methods: map filter reduce,intermediate,explanation,▶ Video 1,▶ Video 2,▶ Video 3,https://javascript.info/array-methods,50,"Explaining map, filter, and reduce",
TRK-001,L0084,LVL-002,FE-T03,frontend,JavaScript,Array Methods: find findIndex some every flat,intermediate,explanation,▶ Video 1,▶ Video 2,▶ Video 3,,35,"Explaining find, some, every, flat",
TRK-001,L0085,LVL-002,FE-T03,frontend,JavaScript,Closures in Detail with Practical Examples,intermediate,explanation,▶ Video 1,▶ Video 2,▶ Video 3,https://javascript.info/closure,45,Explaining closures in depth,
TRK-001,L0086,LVL-002,FE-T03,frontend,JavaScript,Higher Order Functions,intermediate,explanation,▶ Video 1,▶ Video 2,▶ Video 3,,35,Explaining higher order functions,
TRK-001,L0087,LVL-002,FE-T03,frontend,JavaScript,OOP: Classes Constructor Inheritance,intermediate,explanation,▶ Video 1,▶ Video 2,▶ Video 3,https://javascript.info/classes,65,Explaining object-oriented programming,
TRK-001,L0088,LVL-002,FE-T03,frontend,JavaScript,OOP: Encapsulation Polymorphism,intermediate,explanation,▶ Video 1,▶ Video 2,▶ Video 3,,45,Explaining advanced OOP concepts,
TRK-001,L0089,LVL-002,FE-T03,frontend,JavaScript,Asynchronous JS: The Event Loop,intermediate,explanation,▶ Video 1,▶ Video 2,▶ Video 3,https://javascript.info/event-loop,40,Explaining the JavaScript event loop,
TRK-001,L0090,LVL-002,FE-T03,frontend,JavaScript,Callbacks & Callback Hell,intermediate,explanation,▶ Video 1,▶ Video 2,▶ Video 3,https://javascript.info/callbacks,35,Explaining callbacks and callback hell,
TRK-001,L0091,LVL-002,FE-T03,frontend,JavaScript,Promises: then catch finally chaining,intermediate,explanation,▶ Video 1,▶ Video 2,▶ Video 3,https://javascript.info/promise-basics,50,Explaining promises,
TRK-001,L0092,LVL-002,FE-T03,frontend,JavaScript,Async/Await in Detail,intermediate,explanation,▶ Video 1,▶ Video 2,▶ Video 3,https://javascript.info/async-await,45,Explaining async/await,
TRK-001,L0093,LVL-002,FE-T03,frontend,JavaScript,Fetch API: GET POST PUT DELETE,intermediate,explanation,▶ Video 1,▶ Video 2,▶ Video 3,https://developer.mozilla.org/en-US/docs/Web/API/Fetch_API,45,Explaining the Fetch API,
TRK-001,L0094,LVL-002,FE-T03,frontend,JavaScript,Error Handling: try catch throw custom errors,intermediate,explanation,▶ Video 1,▶ Video 2,▶ Video 3,https://javascript.info/error-handling,35,Explaining error handling,
TRK-001,L0095,LVL-002,FE-T03,frontend,JavaScript,Modules: import export default named,intermediate,explanation,▶ Video 1,▶ Video 2,▶ Video 3,https://javascript.info/modules,40,Explaining ES modules,
TRK-001,L0096,LVL-002,FE-T03,frontend,JavaScript,Local Storage & Session Storage,intermediate,explanation,▶ Video 1,▶ Video 2,▶ Video 3,,35,Explaining local and session storage,
TRK-001,L0097,LVL-002,FE-T03,frontend,JavaScript,Project: Weather App with Fetch API,intermediate,project,▶ Video 1,▶ Video 2,▶ Video 3,,70,Weather app project,
TRK-001,L0098,LVL-002,FE-T03,frontend,JavaScript,Project: Todo App with Local Storage,intermediate,project,▶ Video 1,▶ Video 2,▶ Video 3,,75,Todo app with local storage project,
TRK-001,L0099,LVL-002,FE-T03,frontend,JavaScript,Project: Dynamic Quiz App,intermediate,project,▶ Video 1,▶ Video 2,▶ Video 3,,80,Dynamic quiz app project,
TRK-001,L0100,LVL-002,FE-T03,frontend,JavaScript,Article: You Don't Know JS (Free Book),intermediate,article,,▶ Video 2,▶ Video 3,https://github.com/getify/You-Dont-Know-JS,0,Deep reference for JavaScript,
TRK-001,L0101,LVL-002,FE-T05,frontend,React,React: What Is It and Why We Use It,intermediate,explanation,▶ Video 1,▶ Video 2,▶ Video 3,https://react.dev/learn,40,Introduction to React,
TRK-001,L0102,LVL-002,FE-T05,frontend,React,Setting Up a React Project with Vite,intermediate,explanation,▶ Video 1,▶ Video 2,▶ Video 3,https://vitejs.dev/guide,25,Explaining project setup with Vite,
TRK-001,L0103,LVL-002,FE-T05,frontend,React,JSX: Writing HTML Inside JavaScript,intermediate,explanation,▶ Video 1,▶ Video 2,▶ Video 3,https://react.dev/learn/writing-markup-with-jsx,35,Explaining JSX syntax,
TRK-001,L0104,LVL-002,FE-T05,frontend,React,Components: Function Components,intermediate,explanation,▶ Video 1,▶ Video 2,▶ Video 3,https://react.dev/learn/your-first-component,40,Explaining React components,
TRK-001,L0105,LVL-002,FE-T05,frontend,React,Props: Passing Data to Components,intermediate,explanation,▶ Video 1,▶ Video 2,▶ Video 3,https://react.dev/learn/passing-props-to-a-component,35,Explaining React props,
TRK-001,L0106,LVL-002,FE-T05,frontend,React,State & useState: Managing Component Data,intermediate,explanation,▶ Video 1,▶ Video 2,▶ Video 3,https://react.dev/learn/state-a-components-memory,50,Explaining useState hook,
TRK-001,L0107,LVL-002,FE-T05,frontend,React,Conditional Rendering: if ternary &&,intermediate,explanation,▶ Video 1,▶ Video 2,▶ Video 3,https://react.dev/learn/conditional-rendering,30,Explaining conditional rendering,
TRK-001,L0108,LVL-002,FE-T05,frontend,React,Rendering Lists: map and key,intermediate,explanation,▶ Video 1,▶ Video 2,▶ Video 3,https://react.dev/learn/rendering-lists,30,Explaining Python lists,
TRK-001,L0109,LVL-002,FE-T05,frontend,React,Handling Events in React,intermediate,explanation,▶ Video 1,▶ Video 2,▶ Video 3,https://react.dev/learn/responding-to-events,35,Explaining React event handling,
TRK-001,L0110,LVL-002,FE-T05,frontend,React,Forms: Controlled Components,intermediate,explanation,▶ Video 1,▶ Video 2,▶ Video 3,https://react.dev/learn/reacting-to-input-with-state,40,Explaining controlled form components,
TRK-001,L0111,LVL-002,FE-T05,frontend,React,useEffect: Side Effects and Lifecycle,intermediate,explanation,▶ Video 1,▶ Video 2,▶ Video 3,https://react.dev/learn/synchronizing-with-effects,55,Explaining useEffect hook,
TRK-001,L0112,LVL-002,FE-T05,frontend,React,useEffect: Fetching Data from API,intermediate,explanation,▶ Video 1,▶ Video 2,▶ Video 3,https://react.dev/learn/you-might-not-need-an-effect,45,Explaining data fetching in React,
TRK-001,L0113,LVL-002,FE-T05,frontend,React,useRef: Accessing DOM Elements,intermediate,explanation,▶ Video 1,▶ Video 2,▶ Video 3,https://react.dev/learn/referencing-values-with-refs,30,Explaining useRef hook,
TRK-001,L0114,LVL-002,FE-T05,frontend,React,Lifting State Up: Sharing State Between Components,intermediate,explanation,▶ Video 1,▶ Video 2,▶ Video 3,https://react.dev/learn/sharing-state-between-components,35,Explaining lifting state up,
TRK-001,L0115,LVL-002,FE-T05,frontend,React,Component Composition: Children Prop,intermediate,explanation,▶ Video 1,▶ Video 2,▶ Video 3,https://react.dev/learn/passing-jsx-as-children,30,Explaining component composition,
TRK-001,L0116,LVL-002,FE-T05,frontend,React,React Router v6: Navigating Between Pages,intermediate,explanation,▶ Video 1,▶ Video 2,▶ Video 3,https://reactrouter.com/en/main/start/tutorial,60,Explaining React Router v6,
TRK-001,L0117,LVL-002,FE-T05,frontend,React,React Router: Params & Nested Routes,intermediate,explanation,▶ Video 1,▶ Video 2,▶ Video 3,,40,Explaining params and nested routes,
TRK-001,L0118,LVL-002,FE-T05,frontend,React,Project: Movie Search App with API,intermediate,project,▶ Video 1,▶ Video 2,▶ Video 3,,90,Movie search app project,
TRK-001,L0119,LVL-002,FE-T05,frontend,React,Project: Budget Tracker App,intermediate,project,▶ Video 1,▶ Video 2,▶ Video 3,,100,Budget tracker app project,
TRK-001,L0120,LVL-002,FE-T05,frontend,React,Project: Recipe Finder App,intermediate,project,▶ Video 1,▶ Video 2,▶ Video 3,,85,Recipe finder app project,
TRK-001,L0121,LVL-002,FE-T05,frontend,React,Project: Complete Notes App,intermediate,project,▶ Video 1,▶ Video 2,▶ Video 3,,80,Notes app project,
TRK-001,L0122,LVL-002,FE-T05,frontend,React,Article: React Official Docs - Learn,intermediate,article,,▶ Video 2,▶ Video 3,https://react.dev/learn,0,Official Python tutorial,
TRK-001,L0123,LVL-002,FE-T04,frontend,Git,Branching Strategies: Feature Branch Workflow,intermediate,explanation,▶ Video 1,▶ Video 2,▶ Video 3,https://www.atlassian.com/git/tutorials/comparing-workflows,35,Explaining branching strategies,
TRK-001,L0124,LVL-002,FE-T04,frontend,Git,Merging vs Rebasing: The Difference and When to Use Each,intermediate,explanation,▶ Video 1,▶ Video 2,▶ Video 3,https://www.atlassian.com/git/tutorials/merging-vs-rebasing,40,Explaining merging vs rebasing,
TRK-001,L0125,LVL-002,FE-T04,frontend,Git,Resolving Merge Conflicts,intermediate,explanation,▶ Video 1,▶ Video 2,▶ Video 3,,30,Explaining merge conflict resolution,
TRK-001,L0126,LVL-002,FE-T04,frontend,Git,Pull Requests & Code Review on GitHub,intermediate,explanation,▶ Video 1,▶ Video 2,▶ Video 3,https://docs.github.com/en/pull-requests,40,Explaining pull requests and code review,
TRK-001,L0127,LVL-002,FE-T04,frontend,Git,GitHub Issues & Project Boards,intermediate,explanation,▶ Video 1,▶ Video 2,▶ Video 3,https://docs.github.com/en/issues,30,Explaining GitHub issues and project boards,
TRK-001,L0128,LVL-002,FE-T04,frontend,Git,GitHub Pages: Deploy Your Projects for Free,intermediate,explanation,▶ Video 1,▶ Video 2,▶ Video 3,https://pages.github.com,30,Explaining GitHub Pages deployment,
TRK-001,L0129,LVL-002,FE-T04,frontend,Git,.gitignore and Professional README.md,intermediate,explanation,▶ Video 1,▶ Video 2,▶ Video 3,,25,Explaining gitignore and README,
TRK-001,L0130,LVL-002,FE-T04,frontend,Git,Article: Free Pro Git Book,intermediate,article,,▶ Video 2,▶ Video 3,https://git-scm.com/book/en/v2,0,Most comprehensive free Git reference,
TRK-001,L0131,LVL-003,FE-T06,frontend,TypeScript,TypeScript: What Is It and Why We Use It,advanced,tutorial,▶ Video 1,▶ Video 2,▶ Video 3,https://www.typescriptlang.org/docs/handbook/intro.html,40,Introduction to TypeScript,
TRK-001,L0132,LVL-003,FE-T06,frontend,TypeScript,TypeScript: Basic Types & Type Annotations,advanced,tutorial,▶ Video 1,▶ Video 2,▶ Video 3,https://www.typescriptlang.org/docs/handbook/2/everyday-types.html,45,Explaining TypeScript types and annotations,
TRK-001,L0133,LVL-003,FE-T06,frontend,TypeScript,TypeScript: Interfaces & Type Aliases,advanced,tutorial,▶ Video 1,▶ Video 2,▶ Video 3,https://www.typescriptlang.org/docs/handbook/2/objects.html,40,Explaining interfaces and type aliases,
TRK-001,L0134,LVL-003,FE-T06,frontend,TypeScript,TypeScript: Union & Intersection Types,advanced,tutorial,▶ Video 1,▶ Video 2,▶ Video 3,,35,Explaining union and intersection types,
TRK-001,L0135,LVL-003,FE-T06,frontend,TypeScript,TypeScript: Enums,advanced,tutorial,▶ Video 1,▶ Video 2,▶ Video 3,https://www.typescriptlang.org/docs/handbook/enums.html,25,Explaining enums,
TRK-001,L0136,LVL-003,FE-T06,frontend,TypeScript,TypeScript: Generics,advanced,tutorial,▶ Video 1,▶ Video 2,▶ Video 3,https://www.typescriptlang.org/docs/handbook/2/generics.html,45,Explaining generics,
TRK-001,L0137,LVL-003,FE-T06,frontend,TypeScript,TypeScript: Utility Types: Partial Omit Pick,advanced,tutorial,▶ Video 1,▶ Video 2,▶ Video 3,https://www.typescriptlang.org/docs/handbook/utility-types.html,40,Explaining utility types,
TRK-001,L0138,LVL-003,FE-T06,frontend,TypeScript,TypeScript: Type Guards & Narrowing,advanced,tutorial,▶ Video 1,▶ Video 2,▶ Video 3,https://www.typescriptlang.org/docs/handbook/2/narrowing.html,35,Explaining type guards and narrowing,
TRK-001,L0139,LVL-003,FE-T06,frontend,TypeScript,"TypeScript with React: Props, State, Events",advanced,tutorial,▶ Video 1,▶ Video 2,▶ Video 3,https://react.dev/learn/typescript,50,Explaining TypeScript with React,
TRK-001,L0140,LVL-003,FE-T06,frontend,TypeScript,TypeScript with React: Hooks & Context,advanced,tutorial,▶ Video 1,▶ Video 2,▶ Video 3,,45,Explaining TypeScript hooks and context,
TRK-001,L0141,LVL-003,FE-T06,frontend,TypeScript,Project: Todo App with TypeScript + React,advanced,tutorial_and_project,▶ Video 1,▶ Video 2,▶ Video 3,,90,TypeScript React todo project,
TRK-001,L0142,LVL-003,FE-T06,frontend,TypeScript,Article: Official TypeScript Handbook,advanced,article,,▶ Video 2,▶ Video 3,https://www.typescriptlang.org/docs/handbook,0,Official TypeScript handbook,
TRK-001,L0143,LVL-003,FE-T05,frontend,React,Context API: Creating and Using Context,advanced,tutorial,▶ Video 1,▶ Video 2,▶ Video 3,https://react.dev/learn/passing-data-deeply-with-context,50,Explaining Context API,
TRK-001,L0144,LVL-003,FE-T05,frontend,React,Context API: with useReducer,advanced,tutorial,▶ Video 1,▶ Video 2,▶ Video 3,https://react.dev/learn/scaling-up-with-reducer-and-context,45,Explaining Context with useReducer,
TRK-001,L0145,LVL-003,FE-T05,frontend,React,Redux Toolkit: Store Slices Actions,advanced,tutorial,▶ Video 1,▶ Video 2,▶ Video 3,https://redux-toolkit.js.org/introduction/getting-started,70,Explaining Redux Toolkit,
TRK-001,L0146,LVL-003,FE-T05,frontend,React,Redux Toolkit: Thunk & Async Actions,advanced,tutorial,▶ Video 1,▶ Video 2,▶ Video 3,https://redux-toolkit.js.org/api/createAsyncThunk,55,Explaining Redux async actions,
TRK-001,L0147,LVL-003,FE-T05,frontend,React,Zustand: Simpler State Management,advanced,tutorial,▶ Video 1,▶ Video 2,▶ Video 3,https://zustand-demo.pmnd.rs,40,Explaining Zustand state management,
TRK-001,L0148,LVL-003,FE-T05,frontend,React,Custom Hooks: Creating and Organizing,advanced,tutorial,▶ Video 1,▶ Video 2,▶ Video 3,https://react.dev/learn/reusing-logic-with-custom-hooks,50,Explaining custom hooks,
TRK-001,L0149,LVL-003,FE-T05,frontend,React,Performance: React.memo,advanced,tutorial,▶ Video 1,▶ Video 2,▶ Video 3,https://react.dev/reference/react/memo,35,Explaining React.memo,
TRK-001,L0150,LVL-003,FE-T05,frontend,React,Performance: useMemo & useCallback,advanced,tutorial,▶ Video 1,▶ Video 2,▶ Video 3,https://react.dev/reference/react/useMemo,40,Explaining useMemo and useCallback,
TRK-001,L0151,LVL-003,FE-T05,frontend,React,Performance: Code Splitting & Lazy Loading,advanced,tutorial,▶ Video 1,▶ Video 2,▶ Video 3,https://react.dev/reference/react/lazy,35,Explaining code splitting and lazy loading,
TRK-001,L0152,LVL-003,FE-T05,frontend,React,React Query: Server State Management,advanced,tutorial,▶ Video 1,▶ Video 2,▶ Video 3,https://tanstack.com/query/latest/docs/framework/react/overview,60,Explaining React Query,
TRK-001,L0153,LVL-003,FE-T05,frontend,React,React Hook Form: Managing Forms,advanced,tutorial,▶ Video 1,▶ Video 2,▶ Video 3,https://react-hook-form.com/get-started,45,Explaining React Hook Form,
TRK-001,L0154,LVL-003,FE-T05,frontend,React,Testing with Jest: Unit Tests,advanced,tutorial,▶ Video 1,▶ Video 2,▶ Video 3,https://jestjs.io/docs/getting-started,50,Explaining unit testing with Jest,
TRK-001,L0155,LVL-003,FE-T05,frontend,React,Testing with React Testing Library,advanced,tutorial,▶ Video 1,▶ Video 2,▶ Video 3,https://testing-library.com/docs/react-testing-library/intro,55,Explaining React Testing Library,
TRK-001,L0156,LVL-003,FE-T05,frontend,React,Project: E-Commerce App with Redux Toolkit,advanced,tutorial_and_project,▶ Video 1,▶ Video 2,▶ Video 3,,150,E-commerce app with Redux project,
TRK-001,L0157,LVL-003,FE-T05,frontend,React,Project: Chat App with React Query,advanced,tutorial_and_project,▶ Video 1,▶ Video 2,▶ Video 3,,120,Real-time chat app project,
TRK-001,L0158,LVL-003,FE-T05,frontend,React,Article: React Official Docs - Reference,advanced,article,,▶ Video 2,▶ Video 3,https://react.dev/reference/react,0,Official React reference docs,
TRK-001,L0159,LVL-003,FE-T07,frontend,NextJS,Next.js: What Is It and Why We Use It,advanced,tutorial,▶ Video 1,▶ Video 2,▶ Video 3,https://nextjs.org/docs,40,Introduction to Next.js,
TRK-001,L0160,LVL-003,FE-T07,frontend,NextJS,Next.js: App Router vs Pages Router,advanced,tutorial,▶ Video 1,▶ Video 2,▶ Video 3,https://nextjs.org/docs/app,35,Explaining App Router vs Pages Router,
TRK-001,L0161,LVL-003,FE-T07,frontend,NextJS,Next.js: File-based Routing,advanced,tutorial,▶ Video 1,▶ Video 2,▶ Video 3,https://nextjs.org/docs/app/building-your-application/routing,40,Explaining file-based routing,
TRK-001,L0162,LVL-003,FE-T07,frontend,NextJS,Next.js: Layouts & Templates,advanced,tutorial,▶ Video 1,▶ Video 2,▶ Video 3,https://nextjs.org/docs/app/building-your-application/routing/layouts-and-templates,35,Explaining layouts and templates,
TRK-001,L0163,LVL-003,FE-T07,frontend,NextJS,Next.js: Server Components vs Client Components,advanced,tutorial,▶ Video 1,▶ Video 2,▶ Video 3,https://nextjs.org/docs/app/building-your-application/rendering,50,Explaining Server vs Client components,
TRK-001,L0164,LVL-003,FE-T07,frontend,NextJS,Next.js: Data Fetching in Server Components,advanced,tutorial,▶ Video 1,▶ Video 2,▶ Video 3,https://nextjs.org/docs/app/building-your-application/data-fetching,55,Explaining data fetching strategies,
TRK-001,L0165,LVL-003,FE-T07,frontend,NextJS,Next.js: Static Generation (SSG) & ISR,advanced,tutorial,▶ Video 1,▶ Video 2,▶ Video 3,,45,Explaining static generation and ISR,
TRK-001,L0166,LVL-003,FE-T07,frontend,NextJS,Next.js: API Routes & Route Handlers,advanced,tutorial,▶ Video 1,▶ Video 2,▶ Video 3,https://nextjs.org/docs/app/building-your-application/routing/route-handlers,50,Explaining API routes and route handlers,
TRK-001,L0167,LVL-003,FE-T07,frontend,NextJS,Next.js: Middleware,advanced,tutorial,▶ Video 1,▶ Video 2,▶ Video 3,https://nextjs.org/docs/app/building-your-application/routing/middleware,35,Explaining Next.js middleware,
TRK-001,L0168,LVL-003,FE-T07,frontend,NextJS,Next.js: Authentication with NextAuth.js,advanced,tutorial,▶ Video 1,▶ Video 2,▶ Video 3,https://next-auth.js.org,70,Explaining authentication with NextAuth,
TRK-001,L0169,LVL-003,FE-T07,frontend,NextJS,Next.js: Prisma & Database Integration,advanced,tutorial,▶ Video 1,▶ Video 2,▶ Video 3,https://www.prisma.io/docs/getting-started,65,Explaining Prisma ORM and database,
TRK-001,L0170,LVL-003,FE-T07,frontend,NextJS,Next.js: Image Optimization,advanced,tutorial,▶ Video 1,▶ Video 2,▶ Video 3,https://nextjs.org/docs/app/building-your-application/optimizing/images,30,Explaining image optimization techniques,
TRK-001,L0171,LVL-003,FE-T07,frontend,NextJS,Next.js: SEO & Metadata,advanced,tutorial,▶ Video 1,▶ Video 2,▶ Video 3,https://nextjs.org/docs/app/building-your-application/optimizing/metadata,30,Explaining SEO and metadata,
TRK-001,L0172,LVL-003,FE-T07,frontend,NextJS,Next.js: Deployment on Vercel,advanced,tutorial,▶ Video 1,▶ Video 2,▶ Video 3,https://nextjs.org/docs/app/building-your-application/deploying,30,Explaining deployment to Vercel,
TRK-001,L0173,LVL-003,FE-T07,frontend,NextJS,Project: Full-Stack Blog with Next.js + Prisma + Auth,advanced,full_project,▶ Video 1,▶ Video 2,▶ Video 3,,200,Full-stack blog project,
TRK-001,L0174,LVL-003,FE-T07,frontend,NextJS,Article: Next.js Official Docs,advanced,article,,▶ Video 2,▶ Video 3,https://nextjs.org/docs,0,Official Python tutorial,
TRK-001,L0175,LVL-003,FE-T09,frontend,Performance,Web Vitals: LCP FID CLS INP,advanced,tutorial,▶ Video 1,▶ Video 2,▶ Video 3,https://web.dev/vitals,40,Explaining Core Web Vitals,
TRK-001,L0176,LVL-003,FE-T09,frontend,Performance,Lighthouse & DevTools Performance Profiling,advanced,tutorial,▶ Video 1,▶ Video 2,▶ Video 3,https://developer.chrome.com/docs/lighthouse/overview,35,Explaining Lighthouse performance profiling,
TRK-001,L0177,LVL-003,FE-T09,frontend,Performance,Bundle Optimization & Tree Shaking,advanced,tutorial,▶ Video 1,▶ Video 2,▶ Video 3,https://web.dev/reduce-javascript-payloads-with-tree-shaking,35,Explaining bundle optimization,
TRK-001,L0178,LVL-003,FE-T09,frontend,Performance,Image Optimization Techniques,advanced,tutorial,▶ Video 1,▶ Video 2,▶ Video 3,https://web.dev/fast/#optimize-your-images,30,Explaining image optimization techniques,
TRK-001,L0179,LVL-003,FE-T09,frontend,Performance,Caching Strategies: Browser & CDN,advanced,tutorial,▶ Video 1,▶ Video 2,▶ Video 3,https://web.dev/learn/pwa/caching,35,Explaining caching strategies,
TRK-001,L0180,LVL-003,FE-T09,frontend,Performance,Accessibility: WCAG and ARIA,advanced,tutorial,▶ Video 1,▶ Video 2,▶ Video 3,https://web.dev/learn/accessibility,45,Explaining web accessibility,
TRK-001,L0181,LVL-003,FE-T09,frontend,Performance,PWA: Progressive Web Apps Introduction,advanced,tutorial,▶ Video 1,▶ Video 2,▶ Video 3,https://web.dev/learn/pwa,50,Explaining Progressive Web Apps,
TRK-001,L0182,LVL-003,FE-T09,frontend,Performance,Article: web.dev Learn Performance,advanced,article,,▶ Video 2,▶ Video 3,https://web.dev/learn/performance,0,Performance course by Google,
TRK-002,L0183,LVL-001,DA-T01,data_analysis,Python,Python: What Is It and Why It's the Most Popular Language in Data Science,beginner,explanation,▶ Video 1,▶ Video 2,▶ Video 3,https://docs.python.org/3/tutorial,30,Introduction to Python,
TRK-002,L0184,LVL-001,DA-T01,data_analysis,Python,Installing Python and Setting Up VS Code and Jupyter Notebook,beginner,explanation,▶ Video 1,▶ Video 2,▶ Video 3,https://code.visualstudio.com/docs/python/python-tutorial,30,Explaining Python setup and VS Code,
TRK-002,L0185,LVL-001,DA-T01,data_analysis,Python,Jupyter Notebook: How to Use It,beginner,explanation,▶ Video 1,▶ Video 2,▶ Video 3,https://jupyter-notebook.readthedocs.io,30,Explaining Jupyter Notebook,
TRK-002,L0186,LVL-001,DA-T01,data_analysis,Python,"Variables and Data Types: int, float, str, bool",beginner,explanation,▶ Video 1,▶ Video 2,▶ Video 3,https://docs.python.org/3/tutorial/introduction.html,50,Explaining variables,
TRK-002,L0187,LVL-001,DA-T01,data_analysis,Python,Strings: Operations and Methods,beginner,explanation,▶ Video 1,▶ Video 2,▶ Video 3,https://docs.python.org/3/library/string.html,50,Explaining Python strings,
TRK-002,L0188,LVL-001,DA-T01,data_analysis,Python,"String Formatting: f-strings, format",beginner,explanation,▶ Video 1,▶ Video 2,▶ Video 3,,30,Explaining f-strings and format,
TRK-002,L0189,LVL-001,DA-T01,data_analysis,Python,"Arithmetic Operations: arithmetic, math module",beginner,explanation,▶ Video 1,▶ Video 2,▶ Video 3,,35,Explaining operators and expressions,
TRK-002,L0190,LVL-001,DA-T01,data_analysis,Python,"Conditions: if, elif, else and Comparisons",beginner,explanation,▶ Video 1,▶ Video 2,▶ Video 3,https://docs.python.org/3/tutorial/controlflow.html,35,Explaining conditionals,
TRK-002,L0191,LVL-001,DA-T01,data_analysis,Python,Loops: for loop and range,beginner,explanation,▶ Video 1,▶ Video 2,▶ Video 3,,40,Explaining for loop and range,
TRK-002,L0192,LVL-001,DA-T01,data_analysis,Python,Loops: while loop and break/continue,beginner,explanation,▶ Video 1,▶ Video 2,▶ Video 3,,30,Explaining while loop,
TRK-002,L0193,LVL-001,DA-T01,data_analysis,Python,Functions: Definition and Return Values,beginner,explanation,▶ Video 1,▶ Video 2,▶ Video 3,https://docs.python.org/3/tutorial/controlflow.html#defining-functions,50,Explaining Functions,
TRK-002,L0194,LVL-001,DA-T01,data_analysis,Python,Functions: Default Args and kwargs,beginner,explanation,▶ Video 1,▶ Video 2,▶ Video 3,,35,Explaining default args and kwargs,
TRK-002,L0195,LVL-001,DA-T01,data_analysis,Python,"Lists: Creation, Operations, and Methods",beginner,explanation,▶ Video 1,▶ Video 2,▶ Video 3,,50,Explaining Python lists,
TRK-002,L0196,LVL-001,DA-T01,data_analysis,Python,Tuples: Creation and Usage,beginner,explanation,▶ Video 1,▶ Video 2,▶ Video 3,,30,Explaining tuples,
TRK-002,L0197,LVL-001,DA-T01,data_analysis,Python,Sets: Creation and Operations,beginner,explanation,▶ Video 1,▶ Video 2,▶ Video 3,,30,Explaining sets,
TRK-002,L0198,LVL-001,DA-T01,data_analysis,Python,Dictionaries: key-value and Methods,beginner,explanation,▶ Video 1,▶ Video 2,▶ Video 3,,45,Explaining dictionaries,
TRK-002,L0199,LVL-001,DA-T01,data_analysis,Python,List Comprehension & Dict Comprehension,beginner,explanation,▶ Video 1,▶ Video 2,▶ Video 3,https://docs.python.org/3/tutorial/datastructures.html#list-comprehensions,35,Explaining list and dict comprehensions,
TRK-002,L0200,LVL-001,DA-T01,data_analysis,Python,Article: Official Python Tutorial,beginner,article,,▶ Video 2,▶ Video 3,https://docs.python.org/3/tutorial,0,Official Python tutorial,
TRK-002,L0201,LVL-001,DA-T02,data_analysis,Statistics,Statistics: What is Statistics and Its Role in data_analysis,beginner,explanation,▶ Video 1,▶ Video 2,▶ Video 3,https://www.khanacademy.org/math/statistics-probability,40,Introduction to statistics,
TRK-002,L0202,LVL-001,DA-T02,data_analysis,Statistics,"Descriptive Statistics: Mean, Median, Mode",beginner,explanation,▶ Video 1,▶ Video 2,▶ Video 3,,40,"Explaining mean, median, and mode",
TRK-002,L0203,LVL-001,DA-T02,data_analysis,Statistics,"Dispersion: Range, Variance, Standard Deviation",beginner,explanation,▶ Video 1,▶ Video 2,▶ Video 3,,45,Explaining variance and standard deviation,
TRK-002,L0204,LVL-001,DA-T02,data_analysis,Statistics,Percentiles and IQR,beginner,explanation,▶ Video 1,▶ Video 2,▶ Video 3,,35,Explaining percentiles and IQR,
TRK-002,L0205,LVL-001,DA-T02,data_analysis,Statistics,Normal Distribution,beginner,explanation,▶ Video 1,▶ Video 2,▶ Video 3,,45,Explaining normal distribution,
TRK-002,L0206,LVL-001,DA-T02,data_analysis,Statistics,Probability Basics,beginner,explanation,▶ Video 1,▶ Video 2,▶ Video 3,,50,Explaining probability basics,
TRK-002,L0207,LVL-001,DA-T02,data_analysis,Statistics,Conditional Probability,beginner,explanation,▶ Video 1,▶ Video 2,▶ Video 3,,35,Explaining conditional probability,
TRK-002,L0208,LVL-001,DA-T02,data_analysis,Statistics,Article: Khan Academy - Statistics & Probability,beginner,article,,▶ Video 2,▶ Video 3,https://www.khanacademy.org/math/statistics-probability,0,Free statistics course on Khan Academy,
TRK-002,L0209,LVL-001,DA-T03,data_analysis,Pandas,Pandas: What Is It and Installation,beginner,explanation,▶ Video 1,▶ Video 2,▶ Video 3,https://pandas.pydata.org/docs/getting_started,40,Introduction to Pandas,
TRK-002,L0210,LVL-001,DA-T03,data_analysis,Pandas,Pandas Series: Creation and Basic Operations,beginner,explanation,▶ Video 1,▶ Video 2,▶ Video 3,https://pandas.pydata.org/docs/reference/api/pandas.Series.html,40,Explaining Pandas Series,
TRK-002,L0211,LVL-001,DA-T03,data_analysis,Pandas,Pandas DataFrame: Creation from dict and list,beginner,explanation,▶ Video 1,▶ Video 2,▶ Video 3,https://pandas.pydata.org/docs/reference/api/pandas.DataFrame.html,45,Explaining Pandas DataFrame,
TRK-002,L0212,LVL-001,DA-T03,data_analysis,Pandas,Reading CSV Files: read_csv,beginner,explanation,▶ Video 1,▶ Video 2,▶ Video 3,https://pandas.pydata.org/docs/reference/api/pandas.read_csv.html,35,Explaining read_csv function,
TRK-002,L0213,LVL-001,DA-T03,data_analysis,Pandas,Reading Excel Files: read_excel,beginner,explanation,▶ Video 1,▶ Video 2,▶ Video 3,,25,Explaining read_excel function,
TRK-002,L0214,LVL-001,DA-T03,data_analysis,Pandas,"Basic Methods: head, tail, info, describe, shape",beginner,explanation,▶ Video 1,▶ Video 2,▶ Video 3,,35,"Explaining head, tail, info, describe",
TRK-002,L0215,LVL-001,DA-T03,data_analysis,Pandas,Selecting Columns and Rows,beginner,explanation,▶ Video 1,▶ Video 2,▶ Video 3,,35,Explaining column and row selection,
TRK-002,L0216,LVL-001,DA-T03,data_analysis,Pandas,Selecting with loc and iloc,beginner,explanation,▶ Video 1,▶ Video 2,▶ Video 3,https://pandas.pydata.org/docs/user_guide/indexing.html,40,Explaining loc and iloc indexing,
TRK-002,L0217,LVL-001,DA-T03,data_analysis,Pandas,Filtering: Boolean Indexing,beginner,explanation,▶ Video 1,▶ Video 2,▶ Video 3,,35,Explaining boolean indexing,
TRK-002,L0218,LVL-001,DA-T03,data_analysis,Pandas,"Multiple Filtering: &, |, ~ operators",beginner,explanation,▶ Video 1,▶ Video 2,▶ Video 3,,30,Explaining multiple filter conditions,
TRK-002,L0219,LVL-001,DA-T03,data_analysis,Pandas,Creating and Modifying Columns,beginner,explanation,▶ Video 1,▶ Video 2,▶ Video 3,,30,Explaining creating and editing columns,
TRK-002,L0220,LVL-001,DA-T03,data_analysis,Pandas,Article: Pandas Getting Started Tutorials,beginner,article,,▶ Video 2,▶ Video 3,https://pandas.pydata.org/docs/getting_started/intro_tutorials,0,Official Pandas getting started tutorials,
TRK-002,L0221,LVL-001,DA-T04,data_analysis,Visualization,Matplotlib: What Is It and Installation,beginner,explanation,▶ Video 1,▶ Video 2,▶ Video 3,https://matplotlib.org/stable/tutorials,30,Introduction to Matplotlib,
TRK-002,L0222,LVL-001,DA-T04,data_analysis,Visualization,Matplotlib: Line Chart,beginner,explanation,▶ Video 1,▶ Video 2,▶ Video 3,,35,Explaining line charts,
TRK-002,L0223,LVL-001,DA-T04,data_analysis,Visualization,Matplotlib: Bar Chart & Horizontal Bar,beginner,explanation,▶ Video 1,▶ Video 2,▶ Video 3,,30,Explaining bar charts,
TRK-002,L0224,LVL-001,DA-T04,data_analysis,Visualization,Matplotlib: Scatter Plot,beginner,explanation,▶ Video 1,▶ Video 2,▶ Video 3,,25,Explaining scatter plots,
TRK-002,L0225,LVL-001,DA-T04,data_analysis,Visualization,"Matplotlib: Customizing Plots: titles, colors, axes",beginner,explanation,▶ Video 1,▶ Video 2,▶ Video 3,,35,Explaining plot customization,
TRK-002,L0226,LVL-001,DA-T04,data_analysis,Visualization,Matplotlib: Subplots: Multiple Plots,beginner,explanation,▶ Video 1,▶ Video 2,▶ Video 3,,35,Explaining multiple subplots,
TRK-002,L0227,LVL-001,DA-T04,data_analysis,Visualization,Seaborn: Introduction and Distribution Plots,beginner,explanation,▶ Video 1,▶ Video 2,▶ Video 3,https://seaborn.pydata.org/tutorial/distributions.html,45,Introduction to Seaborn,
TRK-002,L0228,LVL-001,DA-T04,data_analysis,Visualization,Article: Matplotlib Official Tutorials,beginner,article,,▶ Video 2,▶ Video 3,https://matplotlib.org/stable/tutorials,0,Official Matplotlib tutorials,
TRK-002,L0229,LVL-001,DA-T05,data_analysis,SQL,SQL: What Is It and What are Databases,beginner,explanation,▶ Video 1,▶ Video 2,▶ Video 3,https://www.sqltutorial.org,40,Introduction to SQL,
TRK-002,L0230,LVL-001,DA-T05,data_analysis,SQL,Installing SQLite and Setting Up DB Browser,beginner,explanation,▶ Video 1,▶ Video 2,▶ Video 3,,25,Explaining SQLite installation,
TRK-002,L0231,LVL-001,DA-T05,data_analysis,SQL,SQL: CREATE TABLE and Data Types,beginner,explanation,▶ Video 1,▶ Video 2,▶ Video 3,https://www.sqltutorial.org/sql-create-table,40,Explaining CREATE TABLE syntax,
TRK-002,L0232,LVL-001,DA-T05,data_analysis,SQL,SQL: INSERT INTO,beginner,explanation,▶ Video 1,▶ Video 2,▶ Video 3,https://www.sqltutorial.org/sql-insert,30,Explaining INSERT INTO,
TRK-002,L0233,LVL-001,DA-T05,data_analysis,SQL,SQL: SELECT and FROM,beginner,explanation,▶ Video 1,▶ Video 2,▶ Video 3,https://www.sqltutorial.org/sql-select,35,Explaining SELECT statement,
TRK-002,L0234,LVL-001,DA-T05,data_analysis,SQL,SQL: WHERE and Comparison Operators,beginner,explanation,▶ Video 1,▶ Video 2,▶ Video 3,https://www.sqltutorial.org/sql-where,35,Explaining WHERE clause,
TRK-002,L0235,LVL-001,DA-T05,data_analysis,SQL,SQL: AND OR NOT,beginner,explanation,▶ Video 1,▶ Video 2,▶ Video 3,,25,"Explaining AND, OR, NOT in SQL",
TRK-002,L0236,LVL-001,DA-T05,data_analysis,SQL,SQL: ORDER BY and LIMIT,beginner,explanation,▶ Video 1,▶ Video 2,▶ Video 3,,25,Explaining ORDER BY and LIMIT,
TRK-002,L0237,LVL-001,DA-T05,data_analysis,SQL,SQL: UPDATE and DELETE,beginner,explanation,▶ Video 1,▶ Video 2,▶ Video 3,,30,Explaining UPDATE and DELETE,
TRK-002,L0238,LVL-001,DA-T05,data_analysis,SQL,SQL: INNER JOIN,beginner,explanation,▶ Video 1,▶ Video 2,▶ Video 3,https://www.sqltutorial.org/sql-inner-join,40,Explaining INNER JOIN,
TRK-002,L0239,LVL-001,DA-T05,data_analysis,SQL,SQL: LEFT JOIN & RIGHT JOIN,beginner,explanation,▶ Video 1,▶ Video 2,▶ Video 3,,35,Explaining LEFT and RIGHT JOIN,
TRK-002,L0240,LVL-001,DA-T05,data_analysis,SQL,Article: Complete SQLTutorial.org,beginner,article,,▶ Video 2,▶ Video 3,https://www.sqltutorial.org,0,Best free SQL reference,
TRK-002,L0241,LVL-002,DA-T01,data_analysis,Python,Python: File Handling - Reading and Writing Files,intermediate,explanation,▶ Video 1,▶ Video 2,▶ Video 3,https://docs.python.org/3/tutorial/inputoutput.html,40,Explaining file handling in Python,
TRK-002,L0242,LVL-002,DA-T01,data_analysis,Python,Python: Error Handling - try except finally,intermediate,explanation,▶ Video 1,▶ Video 2,▶ Video 3,https://docs.python.org/3/tutorial/errors.html,35,Explaining error handling,
TRK-002,L0243,LVL-002,DA-T01,data_analysis,Python,Python: OOP - Classes and Objects,intermediate,explanation,▶ Video 1,▶ Video 2,▶ Video 3,https://docs.python.org/3/tutorial/classes.html,55,Explaining object-oriented programming,
TRK-002,L0244,LVL-002,DA-T01,data_analysis,Python,Python: OOP - Inheritance and Encapsulation,intermediate,explanation,▶ Video 1,▶ Video 2,▶ Video 3,,45,Explaining advanced OOP concepts,
TRK-002,L0245,LVL-002,DA-T01,data_analysis,Python,Python: Regular Expressions for Data,intermediate,explanation,▶ Video 1,▶ Video 2,▶ Video 3,https://docs.python.org/3/howto/regex.html,45,Explaining regular expressions,
TRK-002,L0246,LVL-002,DA-T01,data_analysis,Python,NumPy: Arrays and Operations,intermediate,explanation,▶ Video 1,▶ Video 2,▶ Video 3,https://numpy.org/doc/stable/user/quickstart.html,70,Explaining NumPy arrays and operations,
TRK-002,L0247,LVL-002,DA-T01,data_analysis,Python,NumPy: Array Slicing and Indexing,intermediate,explanation,▶ Video 1,▶ Video 2,▶ Video 3,,40,Explaining NumPy array indexing,
TRK-002,L0248,LVL-002,DA-T01,data_analysis,Python,Project: Automated Report Generator with Python,intermediate,project,▶ Video 1,▶ Video 2,▶ Video 3,,80,Automated report generator project,
TRK-002,L0249,LVL-002,DA-T03,data_analysis,Pandas,"Pandas: Handling Missing Values - isna, dropna, fillna",intermediate,explanation,▶ Video 1,▶ Video 2,▶ Video 3,https://pandas.pydata.org/docs/user_guide/missing_data.html,45,Explaining missing value handling,
TRK-002,L0250,LVL-002,DA-T03,data_analysis,Pandas,Pandas: Data Types and astype,intermediate,explanation,▶ Video 1,▶ Video 2,▶ Video 3,,35,Explaining data types and astype,
TRK-002,L0251,LVL-002,DA-T03,data_analysis,Pandas,Pandas: Duplicates - duplicated drop_duplicates,intermediate,explanation,▶ Video 1,▶ Video 2,▶ Video 3,,30,Explaining duplicate detection and removal,
TRK-002,L0252,LVL-002,DA-T03,data_analysis,Pandas,Pandas: String Operations - str accessor,intermediate,explanation,▶ Video 1,▶ Video 2,▶ Video 3,https://pandas.pydata.org/docs/user_guide/text.html,40,Explaining Pandas string operations,
TRK-002,L0253,LVL-002,DA-T03,data_analysis,Pandas,Pandas: Apply and Lambda Functions,intermediate,explanation,▶ Video 1,▶ Video 2,▶ Video 3,https://pandas.pydata.org/docs/reference/api/pandas.DataFrame.apply.html,40,Explaining apply and lambda functions,
TRK-002,L0254,LVL-002,DA-T03,data_analysis,Pandas,Pandas: GroupBy - Grouping Data,intermediate,explanation,▶ Video 1,▶ Video 2,▶ Video 3,https://pandas.pydata.org/docs/user_guide/groupby.html,50,Explaining GroupBy,
TRK-002,L0255,LVL-002,DA-T03,data_analysis,Pandas,Pandas: Aggregation - agg with GroupBy,intermediate,explanation,▶ Video 1,▶ Video 2,▶ Video 3,,35,Explaining aggregation with GroupBy,
TRK-002,L0256,LVL-002,DA-T03,data_analysis,Pandas,Pandas: Merge - How to Combine DataFrames,intermediate,explanation,▶ Video 1,▶ Video 2,▶ Video 3,https://pandas.pydata.org/docs/user_guide/merging.html,50,Explaining DataFrame merging,
TRK-002,L0257,LVL-002,DA-T03,data_analysis,Pandas,Pandas: Concat and Join,intermediate,explanation,▶ Video 1,▶ Video 2,▶ Video 3,,35,Explaining concat and join,
TRK-002,L0258,LVL-002,DA-T03,data_analysis,Pandas,Pandas: Pivot Tables,intermediate,explanation,▶ Video 1,▶ Video 2,▶ Video 3,https://pandas.pydata.org/docs/user_guide/reshaping.html,40,Explaining pivot tables,
TRK-002,L0259,LVL-002,DA-T03,data_analysis,Pandas,Pandas: Time Series - datetime index and resample,intermediate,explanation,▶ Video 1,▶ Video 2,▶ Video 3,https://pandas.pydata.org/docs/user_guide/timeseries.html,50,Explaining time series basics,
TRK-002,L0260,LVL-002,DA-T03,data_analysis,Pandas,Pandas Project: Supermarket Sales Analysis,intermediate,project,▶ Video 1,▶ Video 2,▶ Video 3,,90,Supermarket sales analysis project,
TRK-002,L0261,LVL-002,DA-T03,data_analysis,Pandas,Pandas Project: Students Performance Analysis,intermediate,project,▶ Video 1,▶ Video 2,▶ Video 3,,75,Students performance analysis project,
TRK-002,L0262,LVL-002,DA-T03,data_analysis,Pandas,Article: Official Pandas User Guide,intermediate,article,,▶ Video 2,▶ Video 3,https://pandas.pydata.org/docs/user_guide,0,Official Pandas user guide,
TRK-002,L0263,LVL-002,DA-T06,data_analysis,EDA,EDA: What Is It and Its Steps from Start to Finish,intermediate,explanation,▶ Video 1,▶ Video 2,▶ Video 3,https://www.ibm.com/topics/exploratory-data-analysis,50,Introduction to exploratory data_analysis,
TRK-002,L0264,LVL-002,DA-T06,data_analysis,EDA,EDA: Univariate Analysis - Single Variable Analysis,intermediate,explanation,▶ Video 1,▶ Video 2,▶ Video 3,,45,Explaining univariate analysis,
TRK-002,L0265,LVL-002,DA-T06,data_analysis,EDA,EDA: Bivariate Analysis - Relationship Between Two Variables,intermediate,explanation,▶ Video 1,▶ Video 2,▶ Video 3,,45,Explaining bivariate analysis,
TRK-002,L0266,LVL-002,DA-T06,data_analysis,EDA,EDA: Correlation Matrix and Interpretation,intermediate,explanation,▶ Video 1,▶ Video 2,▶ Video 3,,40,Explaining Pearson and Spearman correlation,
TRK-002,L0267,LVL-002,DA-T06,data_analysis,EDA,EDA: Outliers - Detection and Handling,intermediate,explanation,▶ Video 1,▶ Video 2,▶ Video 3,,40,Explaining outlier detection,
TRK-002,L0268,LVL-002,DA-T06,data_analysis,EDA,EDA: Categorical vs Numerical Analysis,intermediate,explanation,▶ Video 1,▶ Video 2,▶ Video 3,,35,Explaining categorical vs numerical data,
TRK-002,L0269,LVL-002,DA-T06,data_analysis,EDA,EDA Project: Complete Titanic Dataset EDA,intermediate,project,▶ Video 1,▶ Video 2,▶ Video 3,,90,Titanic dataset EDA project,
TRK-002,L0270,LVL-002,DA-T06,data_analysis,EDA,EDA Project: Airbnb NYC EDA,intermediate,project,▶ Video 1,▶ Video 2,▶ Video 3,,80,Airbnb NYC EDA project,
TRK-002,L0271,LVL-002,DA-T06,data_analysis,EDA,EDA Project: Netflix Dataset EDA,intermediate,project,▶ Video 1,▶ Video 2,▶ Video 3,,75,Netflix dataset EDA project,
TRK-002,L0272,LVL-002,DA-T06,data_analysis,EDA,Article: Kaggle Notebooks for EDA,intermediate,article,,▶ Video 2,▶ Video 3,https://www.kaggle.com/code?searchQuery=EDA,0,Best EDA notebooks on Kaggle,
TRK-002,L0273,LVL-002,DA-T02,data_analysis,Statistics,Statistics: Correlation - Pearson & Spearman,intermediate,explanation,▶ Video 1,▶ Video 2,▶ Video 3,,50,Explaining Pearson and Spearman correlation,
TRK-002,L0274,LVL-002,DA-T02,data_analysis,Statistics,Statistics: Linear Regression - Concepts,intermediate,explanation,▶ Video 1,▶ Video 2,▶ Video 3,https://www.khanacademy.org/math/statistics-probability/describing-relationships-quantitative-data,55,Explaining linear regression concepts,
TRK-002,L0275,LVL-002,DA-T02,data_analysis,Statistics,Statistics: Hypothesis Testing - Concepts,intermediate,explanation,▶ Video 1,▶ Video 2,▶ Video 3,,60,Explaining hypothesis testing,
TRK-002,L0276,LVL-002,DA-T02,data_analysis,Statistics,Statistics: p-value and Significance Level,intermediate,explanation,▶ Video 1,▶ Video 2,▶ Video 3,,45,Explaining p-value and significance level,
TRK-002,L0277,LVL-002,DA-T02,data_analysis,Statistics,Statistics: Confidence Intervals,intermediate,explanation,▶ Video 1,▶ Video 2,▶ Video 3,,40,Explaining confidence intervals,
TRK-002,L0278,LVL-002,DA-T02,data_analysis,Statistics,Statistics: t-test and Chi-Square Test,intermediate,explanation,▶ Video 1,▶ Video 2,▶ Video 3,,50,Explaining t-test and chi-square test,
TRK-002,L0279,LVL-002,DA-T02,data_analysis,Statistics,Statistics Project: Statistical Analysis on a Real Dataset,intermediate,project,▶ Video 1,▶ Video 2,▶ Video 3,,70,Statistical analysis project,
TRK-002,L0280,LVL-002,DA-T02,data_analysis,Statistics,Article: StatQuest - All Concepts Simplified,intermediate,article,,▶ Video 2,▶ Video 3,https://www.youtube.com/@statquest,0,Best statistics YouTube channel,
TRK-002,L0281,LVL-002,DA-T04,data_analysis,Visualization,Seaborn: Boxplot & Violin Plot,intermediate,explanation,▶ Video 1,▶ Video 2,▶ Video 3,https://seaborn.pydata.org/tutorial/categorical.html,35,Explaining boxplot and violin plot,
TRK-002,L0282,LVL-002,DA-T04,data_analysis,Visualization,Seaborn: Heatmap and Correlation Visualization,intermediate,explanation,▶ Video 1,▶ Video 2,▶ Video 3,,35,Explaining heatmap visualization,
TRK-002,L0283,LVL-002,DA-T04,data_analysis,Visualization,Seaborn: Pairplot,intermediate,explanation,▶ Video 1,▶ Video 2,▶ Video 3,,25,Explaining pairplot,
TRK-002,L0284,LVL-002,DA-T04,data_analysis,Visualization,Seaborn: FacetGrid - Repeating Plots on Subsets,intermediate,explanation,▶ Video 1,▶ Video 2,▶ Video 3,https://seaborn.pydata.org/tutorial/axis_grids.html,30,Explaining FacetGrid,
TRK-002,L0285,LVL-002,DA-T04,data_analysis,Visualization,Plotly: Basic Interactive Charts,intermediate,explanation,▶ Video 1,▶ Video 2,▶ Video 3,https://plotly.com/python/getting-started,45,Introduction to Plotly,
TRK-002,L0286,LVL-002,DA-T04,data_analysis,Visualization,"Plotly: Bar, Pie, Scatter with Plotly Express",intermediate,explanation,▶ Video 1,▶ Video 2,▶ Video 3,https://plotly.com/python/plotly-express,35,Explaining Plotly Express charts,
TRK-002,L0287,LVL-002,DA-T04,data_analysis,Visualization,Visualization Project: COVID-19 Data Dashboard,intermediate,project,▶ Video 1,▶ Video 2,▶ Video 3,,80,COVID-19 data dashboard project,
TRK-002,L0288,LVL-002,DA-T04,data_analysis,Visualization,Article: Seaborn Official Tutorial,intermediate,article,,▶ Video 2,▶ Video 3,https://seaborn.pydata.org/tutorial.html,0,Official Seaborn tutorial,
TRK-002,L0289,LVL-002,DA-T05,data_analysis,SQL,SQL: GROUP BY and HAVING,intermediate,explanation,▶ Video 1,▶ Video 2,▶ Video 3,https://www.sqltutorial.org/sql-group-by,45,Explaining GROUP BY and HAVING,
TRK-002,L0290,LVL-002,DA-T05,data_analysis,SQL,SQL: Aggregate Functions - COUNT SUM AVG MAX MIN,intermediate,explanation,▶ Video 1,▶ Video 2,▶ Video 3,,40,Explaining aggregate functions,
TRK-002,L0291,LVL-002,DA-T05,data_analysis,SQL,SQL: Subqueries - Nested Queries,intermediate,explanation,▶ Video 1,▶ Video 2,▶ Video 3,https://www.sqltutorial.org/sql-subquery,50,Explaining SQL subqueries,
TRK-002,L0292,LVL-002,DA-T05,data_analysis,SQL,SQL: CTEs - Common Table Expressions,intermediate,explanation,▶ Video 1,▶ Video 2,▶ Video 3,,50,Explaining common table expressions,
TRK-002,L0293,LVL-002,DA-T05,data_analysis,SQL,SQL: CASE WHEN - Conditions in SQL,intermediate,explanation,▶ Video 1,▶ Video 2,▶ Video 3,,35,Explaining CASE WHEN in SQL,
TRK-002,L0294,LVL-002,DA-T05,data_analysis,SQL,SQL: String Functions - UPPER LOWER TRIM SUBSTR,intermediate,explanation,▶ Video 1,▶ Video 2,▶ Video 3,,30,Explaining SQL string functions,
TRK-002,L0295,LVL-002,DA-T05,data_analysis,SQL,SQL: Date Functions,intermediate,explanation,▶ Video 1,▶ Video 2,▶ Video 3,,30,Explaining SQL date functions,
TRK-002,L0296,LVL-002,DA-T05,data_analysis,SQL,SQL Project: E-Commerce Database Analysis,intermediate,project,▶ Video 1,▶ Video 2,▶ Video 3,,75,E-commerce database analysis project,
TRK-002,L0297,LVL-002,DA-T05,data_analysis,SQL,SQL Project: HR Database Analysis,intermediate,project,▶ Video 1,▶ Video 2,▶ Video 3,,70,HR database analysis project,
TRK-002,L0298,LVL-002,DA-T05,data_analysis,SQL,Article: Mode Analytics SQL Tutorial,intermediate,article,,▶ Video 2,▶ Video 3,https://mode.com/sql-tutorial,0,Best SQL tutorial for data_analysis,
TRK-002,L0299,LVL-003,DA-T01,data_analysis,Python,Python: Decorators - Creation and Usage,advanced,tutorial,▶ Video 1,▶ Video 2,▶ Video 3,https://realpython.com/primer-on-python-decorators,50,Explaining Python decorators,
TRK-002,L0300,LVL-003,DA-T01,data_analysis,Python,Python: Generators and Iterators,advanced,tutorial,▶ Video 1,▶ Video 2,▶ Video 3,https://realpython.com/introduction-to-python-generators,45,Explaining generators and iterators,
TRK-002,L0301,LVL-003,DA-T01,data_analysis,Python,Python: Context Managers,advanced,tutorial,▶ Video 1,▶ Video 2,▶ Video 3,,35,Explaining context managers,
TRK-002,L0302,LVL-003,DA-T01,data_analysis,Python,Python: Multiprocessing & Threading,advanced,tutorial,▶ Video 1,▶ Video 2,▶ Video 3,https://realpython.com/python-concurrency,55,Explaining multiprocessing and threading,
TRK-002,L0303,LVL-003,DA-T01,data_analysis,Python,Python: Performance Profiling & Optimization,advanced,tutorial,▶ Video 1,▶ Video 2,▶ Video 3,https://realpython.com/python-timer,50,Explaining Python performance profiling,
TRK-002,L0304,LVL-003,DA-T01,data_analysis,Python,Python: Virtual Environments & Packaging,advanced,tutorial,▶ Video 1,▶ Video 2,▶ Video 3,https://docs.python.org/3/library/venv.html,35,Explaining virtual environments,
TRK-002,L0305,LVL-003,DA-T01,data_analysis,Python,Project: Automated ETL Pipeline,advanced,full_project,▶ Video 1,▶ Video 2,▶ Video 3,,180,Automated ETL pipeline project,
TRK-002,L0306,LVL-003,DA-T01,data_analysis,Python,Article: Real Python - Advanced Python,advanced,article,,▶ Video 2,▶ Video 3,https://realpython.com/tutorials/advanced,0,Deepest Python reference,
TRK-002,L0307,LVL-003,DA-T03,data_analysis,Pandas,Pandas: Memory Optimization - dtypes and chunking,advanced,tutorial,▶ Video 1,▶ Video 2,▶ Video 3,https://pandas.pydata.org/docs/user_guide/scale.html,55,Explaining Pandas memory optimization,
TRK-002,L0308,LVL-003,DA-T03,data_analysis,Pandas,Pandas: Multi-Index DataFrames,advanced,tutorial,▶ Video 1,▶ Video 2,▶ Video 3,https://pandas.pydata.org/docs/user_guide/advanced.html,50,Explaining multi-index DataFrames,
TRK-002,L0309,LVL-003,DA-T03,data_analysis,Pandas,Pandas: Advanced Reshaping - stack unstack melt,advanced,tutorial,▶ Video 1,▶ Video 2,▶ Video 3,https://pandas.pydata.org/docs/user_guide/reshaping.html,45,"Explaining stack, unstack, and melt",
TRK-002,L0310,LVL-003,DA-T03,data_analysis,Pandas,Pandas: Advanced Time Series - rolling shifting,advanced,tutorial,▶ Video 1,▶ Video 2,▶ Video 3,,55,Explaining advanced time series operations,
TRK-002,L0311,LVL-003,DA-T03,data_analysis,Pandas,Pandas: Style & Formatting for Display,advanced,tutorial,▶ Video 1,▶ Video 2,▶ Video 3,https://pandas.pydata.org/docs/user_guide/style.html,35,Explaining Pandas style and formatting,
TRK-002,L0312,LVL-003,DA-T03,data_analysis,Pandas,Pandas: Pandas + SQLAlchemy,advanced,tutorial,▶ Video 1,▶ Video 2,▶ Video 3,,45,Explaining Pandas with SQLAlchemy,
TRK-002,L0313,LVL-003,DA-T03,data_analysis,Pandas,Project: Financial data_analysis,advanced,tutorial_and_project,▶ Video 1,▶ Video 2,▶ Video 3,,120,Financial data_analysis project,
TRK-002,L0314,LVL-003,DA-T03,data_analysis,Pandas,Article: Pandas Advanced Guide,advanced,article,,▶ Video 2,▶ Video 3,https://pandas.pydata.org/docs/user_guide/advanced.html,0,Advanced Pandas user guide,
TRK-002,L0315,LVL-003,DA-T06,data_analysis,EDA,Feature Engineering: Encoding Categories,advanced,tutorial,▶ Video 1,▶ Video 2,▶ Video 3,https://www.kaggle.com/learn/feature-engineering,50,Explaining categorical encoding,
TRK-002,L0316,LVL-003,DA-T06,data_analysis,EDA,Feature Engineering: Scaling and Normalization,advanced,tutorial,▶ Video 1,▶ Video 2,▶ Video 3,,45,Explaining scaling and normalization,
TRK-002,L0317,LVL-003,DA-T06,data_analysis,EDA,Feature Engineering: Feature Creation,advanced,tutorial,▶ Video 1,▶ Video 2,▶ Video 3,,50,Explaining feature creation,
TRK-002,L0318,LVL-003,DA-T06,data_analysis,EDA,Feature Selection: Correlation and Importance,advanced,tutorial,▶ Video 1,▶ Video 2,▶ Video 3,,45,Explaining feature selection methods,
TRK-002,L0319,LVL-003,DA-T06,data_analysis,EDA,Storytelling with Data: Principles and Techniques,advanced,tutorial,▶ Video 1,▶ Video 2,▶ Video 3,https://www.storytellingwithdata.com/blog,55,Explaining data storytelling principles,
TRK-002,L0320,LVL-003,DA-T06,data_analysis,EDA,Storytelling: Creating a Professional Report,advanced,tutorial,▶ Video 1,▶ Video 2,▶ Video 3,,45,Explaining professional report creation,
TRK-002,L0321,LVL-003,DA-T06,data_analysis,EDA,Project: House Prices Full EDA & Feature Engineering,advanced,full_project,▶ Video 1,▶ Video 2,▶ Video 3,,180,House prices full EDA project,
TRK-002,L0322,LVL-003,DA-T06,data_analysis,EDA,Article: Kaggle Feature Engineering Course,advanced,article,,▶ Video 2,▶ Video 3,https://www.kaggle.com/learn/feature-engineering,0,Free Kaggle feature engineering course,
TRK-002,L0323,LVL-003,DA-T02,data_analysis,Statistics,Statistics: Advanced Tests with SciPy,advanced,tutorial,▶ Video 1,▶ Video 2,▶ Video 3,https://docs.scipy.org/doc/scipy/tutorial/stats.html,60,Explaining statistical testing with SciPy,
TRK-002,L0324,LVL-003,DA-T02,data_analysis,Statistics,Statistics: A/B Testing - Concept and Application,advanced,tutorial,▶ Video 1,▶ Video 2,▶ Video 3,https://www.optimizely.com/optimization-glossary/ab-testing,60,Explaining A/B testing end-to-end,
TRK-002,L0325,LVL-003,DA-T02,data_analysis,Statistics,Statistics: Introduction to Bayesian Statistics,advanced,tutorial,▶ Video 1,▶ Video 2,▶ Video 3,https://www.probabilitycourse.com,55,Introduction to Bayesian statistics,
TRK-002,L0326,LVL-003,DA-T02,data_analysis,Statistics,Statistics: ANOVA Test,advanced,tutorial,▶ Video 1,▶ Video 2,▶ Video 3,,45,Explaining ANOVA test,
TRK-002,L0327,LVL-003,DA-T02,data_analysis,Statistics,Statistics: Time Series Forecasting - ARIMA,advanced,tutorial,▶ Video 1,▶ Video 2,▶ Video 3,https://otexts.com/fpp3,70,Explaining time series forecasting with ARIMA,
TRK-002,L0328,LVL-003,DA-T02,data_analysis,Statistics,Statistics: Advanced Regression Analysis,advanced,tutorial,▶ Video 1,▶ Video 2,▶ Video 3,,55,Explaining advanced regression analysis,
TRK-002,L0329,LVL-003,DA-T02,data_analysis,Statistics,Project: Sales Forecasting Project,advanced,full_project,▶ Video 1,▶ Video 2,▶ Video 3,,120,Sales forecasting project,
TRK-002,L0330,LVL-003,DA-T02,data_analysis,Statistics,Article: Forecasting Principles & Practice (Free Book),advanced,article,,▶ Video 2,▶ Video 3,https://otexts.com/fpp3,0,Best free forecasting book,
TRK-002,L0331,LVL-003,DA-T04,data_analysis,Visualization,Plotly Dash: What Is It and Creating Your First App,advanced,tutorial,▶ Video 1,▶ Video 2,▶ Video 3,https://dash.plotly.com/tutorial,60,Introduction to Plotly Dash,
TRK-002,L0332,LVL-003,DA-T04,data_analysis,Visualization,Plotly Dash: Callbacks & Interactivity,advanced,tutorial,▶ Video 1,▶ Video 2,▶ Video 3,https://dash.plotly.com/basic-callbacks,55,Explaining Dash callbacks,
TRK-002,L0333,LVL-003,DA-T04,data_analysis,Visualization,Plotly Dash: Layout & Styling,advanced,tutorial,▶ Video 1,▶ Video 2,▶ Video 3,,40,Explaining Dash layout and styling,
TRK-002,L0334,LVL-003,DA-T04,data_analysis,Visualization,Power BI: Introduction and Creating Your First Report,advanced,tutorial,▶ Video 1,▶ Video 2,▶ Video 3,https://learn.microsoft.com/en-us/power-bi/fundamentals,70,Introduction to Power BI,
TRK-002,L0335,LVL-003,DA-T04,data_analysis,Visualization,Power BI: DAX Basics,advanced,tutorial,▶ Video 1,▶ Video 2,▶ Video 3,https://learn.microsoft.com/en-us/dax/dax-overview,55,Explaining DAX basics,
TRK-002,L0336,LVL-003,DA-T04,data_analysis,Visualization,Tableau: Introduction and Basics,advanced,tutorial,▶ Video 1,▶ Video 2,▶ Video 3,https://www.tableau.com/learn/training,60,Introduction to Tableau,
TRK-002,L0337,LVL-003,DA-T04,data_analysis,Visualization,Project: Business KPIs Dashboard with Plotly Dash,advanced,full_project,▶ Video 1,▶ Video 2,▶ Video 3,,150,Business KPIs dashboard project,
TRK-002,L0338,LVL-003,DA-T04,data_analysis,Visualization,Article: Data Viz Best Practices - Storytelling with Data,advanced,article,,▶ Video 2,▶ Video 3,https://www.storytellingwithdata.com/blog,0,Best data visualization reference,
TRK-002,L0339,LVL-003,DA-T05,data_analysis,SQL,SQL: Window Functions - ROW_NUMBER RANK DENSE_RANK,advanced,tutorial,▶ Video 1,▶ Video 2,▶ Video 3,https://mode.com/sql-tutorial/sql-window-functions,55,Explaining SQL window functions,
TRK-002,L0340,LVL-003,DA-T05,data_analysis,SQL,SQL: Window Functions - LEAD LAG FIRST_VALUE,advanced,tutorial,▶ Video 1,▶ Video 2,▶ Video 3,,45,Explaining LEAD and LAG functions,
TRK-002,L0341,LVL-003,DA-T05,data_analysis,SQL,SQL: Window Functions - PARTITION BY,advanced,tutorial,▶ Video 1,▶ Video 2,▶ Video 3,,40,Explaining PARTITION BY clause,
TRK-002,L0342,LVL-003,DA-T05,data_analysis,SQL,SQL: Advanced CTEs & Recursive Queries,advanced,tutorial,▶ Video 1,▶ Video 2,▶ Video 3,,50,Explaining recursive CTEs,
TRK-002,L0343,LVL-003,DA-T05,data_analysis,SQL,SQL: Stored Procedures,advanced,tutorial,▶ Video 1,▶ Video 2,▶ Video 3,,45,Explaining stored procedures,
TRK-002,L0344,LVL-003,DA-T05,data_analysis,SQL,SQL: Triggers & Views,advanced,tutorial,▶ Video 1,▶ Video 2,▶ Video 3,,40,Explaining triggers and views,
TRK-002,L0345,LVL-003,DA-T05,data_analysis,SQL,SQL: Query Optimization & Execution Plan,advanced,tutorial,▶ Video 1,▶ Video 2,▶ Video 3,https://use-the-index-luke.com,55,Explaining query optimization,
TRK-002,L0346,LVL-003,DA-T05,data_analysis,SQL,SQL: Indexes in Detail,advanced,tutorial,▶ Video 1,▶ Video 2,▶ Video 3,https://use-the-index-luke.com,45,Explaining database indexes,
TRK-002,L0347,LVL-003,DA-T05,data_analysis,SQL,Project: Full Retail Analytics SQL Project,advanced,full_project,▶ Video 1,▶ Video 2,▶ Video 3,,150,Retail analytics SQL project,
TRK-002,L0348,LVL-003,DA-T05,data_analysis,SQL,Article: Use The Index Luke,advanced,article,,▶ Video 2,▶ Video 3,https://use-the-index-luke.com,0,Deepest SQL performance reference,
